nama_file,kelas,tanggal,sesi,kondisi_cahaya,jarak,ekspresi,catatan
ali_20261001_sesi1_terang_001.png,ali,2026-10-01,sesi1,terang,sedang,netral,contoh isi
ali_20261001_sesi1_terang_002.png,ali,2026-10-01,sesi1,terang,dekat,senyum,
ali_20261002_sesi2_redup_001.png,ali,2026-10-02,sesi2,redup,sedang,netral,val set
unknown_20261001_sesi1_terang_001.png,unknown,2026-10-01,sesi1,terang,sedang,netral,orang luar
Asra_20261001_sesi1_terang_001.png,Asra,20261001,sesi1,terang,sedang,netral,crop_auto
Asra_20261001_sesi1_terang_002.png,Asra,20261001,sesi1,terang,sedang,netral,crop_auto
Asra_20261001_sesi1_terang_003.png,Asra,20261001,sesi1,terang,sedang,netral,crop_auto
Asra_20261001_sesi1_terang_004.png,Asra,20261001,sesi1,terang,sedang,netral,crop_auto
Asra_20261001_sesi1_terang_005.png,Asra,20261001,sesi1,terang,sedang,netral,crop_auto
Asra_20261001_sesi1_terang_006.png,Asra,20261001,sesi1,terang,sedang,netral,crop_auto
Asra_20261001_sesi1_terang_007.png,Asra,20261001,sesi1,terang,sedang,netral,crop_auto
Asra_20261001_sesi1_terang_008.png,Asra,20261001,sesi1,terang,sedang,netral,crop_auto
Asra_20261001_sesi1_terang_009.png,Asra,20261001,sesi1,terang,sedang,netral,crop_auto
Asra_20261001_sesi1_terang_010.png,Asra,20261001,sesi1,terang,sedang,netral,crop_auto
Asra_20261001_sesi1_terang_011.png,Asra,20261001,sesi1,terang,sedang,netral,crop_auto
Asra_20261001_sesi1_terang_012.png,Asra,20261001,sesi1,terang,sedang,netral,yunet_crop
Asra_20261001_sesi1_terang_013.png,Asra,20261001,sesi1,terang,sedang,netral,yunet_crop
Asra_20261001_sesi1_terang_014.png,Asra,20261001,sesi1,terang,sedang,netral,yunet_crop
Asra_20261001_sesi1_terang_015.png,Asra,20261001,sesi1,terang,sedang,netral,yunet_crop
Asra_20261001_sesi1_terang_016.png,Asra,20261001,sesi1,terang,sedang,netral,yunet_crop
Asra_20261001_sesi1_terang_017.png,Asra,20261001,sesi1,terang,sedang,netral,yunet_crop
Asra_20261001_sesi1_terang_018.png,Asra,20261001,sesi1,terang,sedang,netral,yunet_crop
Asra_20261001_sesi1_terang_019.png,Asra,20261001,sesi1,terang,sedang,netral,yunet_crop
Asra_20261001_sesi1_terang_020.png,Asra,20261001,sesi1,terang,sedang,netral,yunet_crop
Asra_20261001_sesi1_terang_021.png,Asra,20261001,sesi1,terang,sedang,netral,yunet_crop
Asra_20261001_sesi1_terang_022.png,Asra,20261001,sesi1,terang,sedang,netral,yunet_crop
Asra_20261001_sesi1_terang_023.png,Asra,20261001,sesi1,terang,sedang,netral,yunet_crop
Asra_20261001_sesi1_terang_024.png,Asra,20261001,sesi1,terang,sedang,netral,yunet_crop
Asra_20261001_sesi1_terang_025.png,Asra,20261001,sesi1,terang,sedang,netral,yunet_crop
Asra_20261001_sesi1_terang_026.png,Asra,20261001,sesi1,terang,sedang,netral,yunet_crop
Asra_20261001_sesi1_terang_027.png,Asra,20261001,sesi1,terang,sedang,netral,yunet_crop
Asra_20261001_sesi1_terang_028.png,Asra,20261001,sesi1,terang,sedang,netral,yunet_crop
Asra_20261001_sesi1_terang_029.png,Asra,20261001,sesi1,terang,sedang,netral,yunet_crop
Asra_20261001_sesi1_terang_030.png,Asra,20261001,sesi1,terang,sedang,netral,yunet_crop
Asra_20261001_sesi1_terang_031.png,Asra,20261001,sesi1,terang,sedang,netral,yunet_crop
Asra_20261001_sesi1_terang_032.png,Asra,20261001,sesi1,terang,sedang,netral,yunet_crop
Asra_20261001_sesi1_terang_033.png,Asra,20261001,sesi1,terang,sedang,netral,yunet_crop
Asra_20261001_sesi1_terang_034.png,Asra,20261001,sesi1,terang,sedang,netral,yunet_crop
Asra_20261001_sesi1_terang_035.png,Asra,20261001,sesi1,terang,sedang,netral,yunet_crop
Asra_20261001_sesi1_terang_036.png,Asra,20261001,sesi1,terang,sedang,netral,yunet_crop
Asra_20261001_sesi1_terang_037.png,Asra,20261001,sesi1,terang,sedang,netral,yunet_crop
Asra_20261001_sesi1_terang_038.png,Asra,20261001,sesi1,terang,sedang,netral,yunet_crop
Asra_20261001_sesi1_terang_039.png,Asra,20261001,sesi1,terang,sedang,netral,yunet_crop
Asra_20261001_sesi1_terang_040.png,Asra,20261001,sesi1,terang,sedang,netral,yunet_crop
Asra_20261001_sesi1_terang_041.png,Asra,20261001,sesi1,terang,sedang,netral,yunet_crop
Asra_20261001_sesi1_terang_042.png,Asra,20261001,sesi1,terang,sedang,netral,yunet_crop
Asra_20261001_sesi1_terang_043.png,Asra,20261001,sesi1,terang,sedang,netral,yunet_crop
Asra_20261001_sesi1_terang_044.png,Asra,20261001,sesi1,terang,sedang,netral,yunet_crop
Asra_20261001_sesi1_terang_045.png,Asra,20261001,sesi1,terang,sedang,netral,yunet_crop
Asra_20261001_sesi1_terang_046.png,Asra,20261001,sesi1,terang,sedang,netral,yunet_crop
Asra_20261001_sesi1_terang_047.png,Asra,20261001,sesi1,terang,sedang,netral,yunet_crop
Asra_20261001_sesi1_terang_048.png,Asra,20261001,sesi1,terang,sedang,netral,yunet_crop
Asra_20261001_sesi1_terang_049.png,Asra,20261001,sesi1,terang,sedang,netral,yunet_crop
Asra_20261001_sesi1_terang_050.png,Asra,20261001,sesi1,terang,sedang,netral,yunet_crop
Ester_20261001_sesi1_terang_001.png,Ester,20261001,sesi1,terang,sedang,netral,yunet_crop
Ester_20261001_sesi1_terang_002.png,Ester,20261001,sesi1,terang,sedang,netral,yunet_crop
Ester_20261001_sesi1_terang_003.png,Ester,20261001,sesi1,terang,sedang,netral,yunet_crop
Ester_20261001_sesi1_terang_004.png,Ester,20261001,sesi1,terang,sedang,netral,yunet_crop
Ester_20261001_sesi1_terang_005.png,Ester,20261001,sesi1,terang,sedang,netral,yunet_crop
Ester_20261001_sesi1_terang_006.png,Ester,20261001,sesi1,terang,sedang,netral,yunet_crop
Ester_20261001_sesi1_terang_007.png,Ester,20261001,sesi1,terang,sedang,netral,yunet_crop
Ester_20261001_sesi1_terang_008.png,Ester,20261001,sesi1,terang,sedang,netral,yunet_crop
Ester_20261001_sesi1_terang_009.png,Ester,20261001,sesi1,terang,sedang,netral,yunet_crop
Ester_20261001_sesi1_terang_010.png,Ester,20261001,sesi1,terang,sedang,netral,yunet_crop
Ester_20261001_sesi1_terang_011.png,Ester,20261001,sesi1,terang,sedang,netral,yunet_crop
Ester_20261001_sesi1_terang_012.png,Ester,20261001,sesi1,terang,sedang,netral,yunet_crop
Ester_20261001_sesi1_terang_013.png,Ester,20261001,sesi1,terang,sedang,netral,yunet_crop
Ester_20261001_sesi1_terang_014.png,Ester,20261001,sesi1,terang,sedang,netral,yunet_crop
Ester_20261001_sesi1_terang_015.png,Ester,20261001,sesi1,terang,sedang,netral,yunet_crop
Ester_20261001_sesi1_terang_016.png,Ester,20261001,sesi1,terang,sedang,netral,yunet_crop
Ester_20261001_sesi1_terang_017.png,Ester,20261001,sesi1,terang,sedang,netral,yunet_crop
Ester_20261001_sesi1_terang_018.png,Ester,20261001,sesi1,terang,sedang,netral,yunet_crop
Ester_20261001_sesi1_terang_019.png,Ester,20261001,sesi1,terang,sedang,netral,yunet_crop
Ester_20261001_sesi1_terang_020.png,Ester,20261001,sesi1,terang,sedang,netral,yunet_crop
Ester_20261001_sesi1_terang_021.png,Ester,20261001,sesi1,terang,sedang,netral,yunet_crop
Ester_20261001_sesi1_terang_022.png,Ester,20261001,sesi1,terang,sedang,netral,yunet_crop
Ester_20261001_sesi1_terang_023.png,Ester,20261001,sesi1,terang,sedang,netral,yunet_crop
Ester_20261001_sesi1_terang_024.png,Ester,20261001,sesi1,terang,sedang,netral,yunet_crop
Ester_20261001_sesi1_terang_025.png,Ester,20261001,sesi1,terang,sedang,netral,yunet_crop
Ester_20261001_sesi1_terang_026.png,Ester,20261001,sesi1,terang,sedang,netral,yunet_crop
Ester_20261001_sesi1_terang_027.png,Ester,20261001,sesi1,terang,sedang,netral,yunet_crop
Ester_20261001_sesi1_terang_028.png,Ester,20261001,sesi1,terang,sedang,netral,yunet_crop
Ester_20261001_sesi1_terang_029.png,Ester,20261001,sesi1,terang,sedang,netral,yunet_crop
Ester_20261001_sesi1_terang_030.png,Ester,20261001,sesi1,terang,sedang,netral,yunet_crop
Ester_20261001_sesi1_terang_031.png,Ester,20261001,sesi1,terang,sedang,netral,yunet_crop
Ester_20261001_sesi1_terang_032.png,Ester,20261001,sesi1,terang,sedang,netral,yunet_crop
Ester_20261001_sesi1_terang_033.png,Ester,20261001,sesi1,terang,sedang,netral,yunet_crop
Ester_20261001_sesi1_terang_034.png,Ester,20261001,sesi1,terang,sedang,netral,yunet_crop
Ester_20261001_sesi1_terang_035.png,Ester,20261001,sesi1,terang,sedang,netral,yunet_crop
Ester_20261001_sesi1_terang_036.png,Ester,20261001,sesi1,terang,sedang,netral,yunet_crop
Ester_20261001_sesi1_terang_037.png,Ester,20261001,sesi1,terang,sedang,netral,yunet_crop
Ester_20261001_sesi1_terang_038.png,Ester,20261001,sesi1,terang,sedang,netral,yunet_crop
Ester_20261001_sesi1_terang_039.png,Ester,20261001,sesi1,terang,sedang,netral,yunet_crop
Ester_20261001_sesi1_terang_040.png,Ester,20261001,sesi1,terang,sedang,netral,yunet_crop
Ester_20261001_sesi1_terang_041.png,Ester,20261001,sesi1,terang,sedang,netral,yunet_crop
Ester_20261001_sesi1_terang_042.png,Ester,20261001,sesi1,terang,sedang,netral,yunet_crop
Ester_20261001_sesi1_terang_043.png,Ester,20261001,sesi1,terang,sedang,netral,yunet_crop
Ester_20261001_sesi1_terang_044.png,Ester,20261001,sesi1,terang,sedang,netral,yunet_crop
Ester_20261001_sesi1_terang_045.png,Ester,20261001,sesi1,terang,sedang,netral,yunet_crop
Ester_20261001_sesi1_terang_046.png,Ester,20261001,sesi1,terang,sedang,netral,yunet_crop
Ester_20261001_sesi1_terang_047.png,Ester,20261001,sesi1,terang,sedang,netral,yunet_crop
Ester_20261001_sesi1_terang_048.png,Ester,20261001,sesi1,terang,sedang,netral,yunet_crop
Ester_20261001_sesi1_terang_049.png,Ester,20261001,sesi1,terang,sedang,netral,yunet_crop
Ester_20261001_sesi1_terang_050.png,Ester,20261001,sesi1,terang,sedang,netral,yunet_crop
